SampleId	ClusterId	Gene	Transcript	Chromosome	AnnotationType	ExonRank	ExonStart	ExonEnd
5FU-PATIENT2-T-CLONE1	210	PARK2	ENST00000366898	6	DRIVER	12	161768452	161771243
5FU-PATIENT2-T-CLONE1	210	PARK2	ENST00000366898	6	DRIVER	11	161781120	161781237
5FU-PATIENT2-T-CLONE1	210	PARK2	ENST00000366898	6	DRIVER	10	161807826	161807909
5FU-PATIENT2-T-CLONE1	210	PARK2	ENST00000366898	6	DRIVER	9	161969886	161970035
5FU-PATIENT2-T-CLONE1	210	PARK2	ENST00000366898	6	DRIVER	8	161990387	161990448
5FU-PATIENT2-T-CLONE1	210	PARK2	ENST00000366898	6	DRIVER	7	162206804	162206940
5FU-PATIENT2-T-CLONE1	210	PARK2	ENST00000366898	6	DRIVER	6	162394334	162394449
5FU-PATIENT2-T-CLONE1	210	PARK2	ENST00000366898	6	DRIVER	5	162475123	162475206
5FU-PATIENT2-T-CLONE1	210	PARK2	ENST00000366898	6	DRIVER	4	162622163	162622284
5FU-PATIENT2-T-CLONE1	210	PARK2	ENST00000366898	6	DRIVER	3	162683557	162683797
5FU-PATIENT2-T-CLONE1	210	PARK2	ENST00000366898	6	DRIVER	2	162864342	162864505
5FU-PATIENT2-T-CLONE1	210	PARK2	ENST00000366898	6	DRIVER	1	163148694	163148803
5FU-PATIENT2-T-CLONE1	211	PARK2	ENST00000366898	6	DRIVER	12	161768452	161771243
5FU-PATIENT2-T-CLONE1	211	PARK2	ENST00000366898	6	DRIVER	11	161781120	161781237
5FU-PATIENT2-T-CLONE1	211	PARK2	ENST00000366898	6	DRIVER	10	161807826	161807909
5FU-PATIENT2-T-CLONE1	211	PARK2	ENST00000366898	6	DRIVER	9	161969886	161970035
5FU-PATIENT2-T-CLONE1	211	PARK2	ENST00000366898	6	DRIVER	8	161990387	161990448
5FU-PATIENT2-T-CLONE1	211	PARK2	ENST00000366898	6	DRIVER	7	162206804	162206940
5FU-PATIENT2-T-CLONE1	211	PARK2	ENST00000366898	6	DRIVER	6	162394334	162394449
5FU-PATIENT2-T-CLONE1	211	PARK2	ENST00000366898	6	DRIVER	5	162475123	162475206
5FU-PATIENT2-T-CLONE1	211	PARK2	ENST00000366898	6	DRIVER	4	162622163	162622284
5FU-PATIENT2-T-CLONE1	211	PARK2	ENST00000366898	6	DRIVER	3	162683557	162683797
5FU-PATIENT2-T-CLONE1	211	PARK2	ENST00000366898	6	DRIVER	2	162864342	162864505
5FU-PATIENT2-T-CLONE1	211	PARK2	ENST00000366898	6	DRIVER	1	163148694	163148803
