SampleId	ClusterId	ChainId	Chromosome	PosStart	PosEnd	LinkPloidy
ste01166a	2	1	11	133255740	T	1.9983
ste01166a	2	2	11	C	133255758	1.6697
ste01166a	3	1	12	T	27964873	0.0800
ste01166a	3	1	13	C	100420466	0.0800
ste01166a	5	1	9	C	101468408	0.0939
ste01166a	5	1	14	C	23202401	0.0939
ste01166a	6	1	6	37897518	C	0.7817
ste01166a	6	1	6	T	37907003	0.7817
ste01166a	8	1	8	C	85521932	1.0174
ste01166a	8	1	8	85521972	T	1.0174
ste01166a	9	1	9	108582185	T	12.2770
ste01166a	9	2	9	C	108582208	11.5196
ste01166a	11	1	21	T	9825757	0.0101
ste01166a	11	1	21	9826227	C	0.0101
ste01166a	11	2	7	80962943	T	0.0929
ste01166a	11	2	21	T	9827564	0.0929
ste01166a	11	3	21	T	9827579	1.2397
ste01166a	11	3	Y	10035450	C	1.2397
ste01166a	11	4	2	C	133013182	0.2352
ste01166a	11	4	21	T	9827582	0.2352
